clip_id,language,source_type,speaker_id,tts_engine,tts_voice,text_id,duration_sec,sample_rate,file_path,checksum_sha256,consent_received,notes
tamil_ai_000,tamil,ai,,gtts,,tamil_000,5.016,24000,data/ai/tamil/tamil_ai_000.mp3,4783b16de4772ab92cd5d01e98f321b1bff99e62493bc46cb4e3e527c33a17b8,n/a,
tamil_ai_001,tamil,ai,,edge-tts,ta-IN-PallaviNeural,tamil_001,3.192,24000,data/ai/tamil/tamil_ai_001.mp3,1f6ad9eea1b9c5a4469e20297b9928ae338127b839111e0c809f53fb1612757f,n/a,
tamil_ai_002,tamil,ai,,pyttsx3,,tamil_002,4.344,24000,data/ai/tamil/tamil_ai_002.mp3,9b2f9442adcf3cd24f48fd3bd041c920cf01c0391a1b8e0fb09e51d9ac67b589,n/a,
tamil_ai_003,tamil,ai,,gtts,,tamil_003,4.152,24000,data/ai/tamil/tamil_ai_003.mp3,406fb4399b4fb3d0eed7137cc92cda338ddbc058596c54b061878026fea95ff9,n/a,
tamil_ai_004,tamil,ai,,edge-tts,ta-IN-PallaviNeural,tamil_004,3.072,24000,data/ai/tamil/tamil_ai_004.mp3,709eae0f265220cf76e1a217446b0d85507d611e911a8d0f06cbc3b067edb034,n/a,
tamil_ai_005,tamil,ai,,pyttsx3,,tamil_005,4.824,24000,data/ai/tamil/tamil_ai_005.mp3,0b7154ca4dc65371e3ed884992ce49f252ad633398f15364201b45b9179f84b7,n/a,
tamil_ai_006,tamil,ai,,gtts,,tamil_006,4.464,24000,data/ai/tamil/tamil_ai_006.mp3,15f32bd6c8cadf07c403db3dc8a300f8be5a76dd491ba3449b5e465e5bd962e5,n/a,
tamil_ai_007,tamil,ai,,edge-tts,ta-IN-PallaviNeural,tamil_007,3.552,24000,data/ai/tamil/tamil_ai_007.mp3,ece460f93a20942f31eb56b276121a29ae6cfb675d2cec9dc4de9e2518eee185,n/a,
tamil_ai_008,tamil,ai,,pyttsx3,,tamil_008,4.200,24000,data/ai/tamil/tamil_ai_008.mp3,2028254d783b95b3695494c670d92cd09e7cc79473be4a24ad6adc38a52d0a5f,n/a,
tamil_ai_009,tamil,ai,,gtts,,tamil_009,5.160,24000,data/ai/tamil/tamil_ai_009.mp3,f2ebd610ad6bace2e48bce6ba3596e1c7cf8242ac147d6dc2cd9decfb6b30179,n/a,
english_ai_000,english,ai,,gtts,,english_000,3.744,24000,data/ai/english/english_ai_000.mp3,900f5aacb9665ce2e0cceaa166ff512ae46e858fa0e445c2a00940ff6ca21a8f,n/a,
english_ai_001,english,ai,,edge-tts,en-US-AriaNeural,english_001,3.384,24000,data/ai/english/english_ai_001.mp3,a8970f2c26ba408a2a8a0f5d038ba400790ba69aa1f901a60c7308b64bf13de6,n/a,
english_ai_002,english,ai,,pyttsx3,,english_002,3.672,24000,data/ai/english/english_ai_002.mp3,39c2b84a14baf5b0d1e0b0b525f8e7cb3e8de7adc1f372f0cce450f88fd608f2,n/a,
english_ai_003,english,ai,,gtts,,english_003,3.000,24000,data/ai/english/english_ai_003.mp3,2c9b659c7ab18fd590aa826bd405e7de7b7e953db9fca10e0a4ca4af0f2a2b73,n/a,
english_ai_004,english,ai,,edge-tts,en-US-AriaNeural,english_004,3.504,24000,data/ai/english/english_ai_004.mp3,1be34f714221c1b990d457718ddcbc641c198b9db47ddcc8ebdbe19e6e52bb4a,n/a,
english_ai_005,english,ai,,pyttsx3,,english_005,3.552,24000,data/ai/english/english_ai_005.mp3,73fd5e68dcf2895b5f2d3fc5eafb71f513c5ec39b48db0d4ac9366d52c100f7a,n/a,
english_ai_006,english,ai,,gtts,,english_006,4.344,24000,data/ai/english/english_ai_006.mp3,8f6042da80181a859ad410f93877a87be346174be570c7d09cf2ceec254a78b4,n/a,
english_ai_007,english,ai,,edge-tts,en-US-AriaNeural,english_007,3.288,24000,data/ai/english/english_ai_007.mp3,e47f6555cfe7640d8ec88fd95e64f1d018d5ba195084aed4774ce412c30749e8,n/a,
english_ai_008,english,ai,,pyttsx3,,english_008,3.504,24000,data/ai/english/english_ai_008.mp3,55ff69d3606f60623ff8855c03171ec4cbfb22787e94b439a3ffe745d3b8b056,n/a,
english_ai_009,english,ai,,gtts,,english_009,3.504,24000,data/ai/english/english_ai_009.mp3,a668e47b1c0352a83f9c5fab96b06ee4421fd29ad7761f7158cb0ea9bc05dbe8,n/a,
hindi_ai_000,hindi,ai,,gtts,,hindi_000,4.008,24000,data/ai/hindi/hindi_ai_000.mp3,51892f805c7eea6ffbb486d1c2fffe0098c42b9de45ee49056d252b160598cee,n/a,
hindi_ai_001,hindi,ai,,edge-tts,hi-IN-SwaraNeural,hindi_001,4.488,24000,data/ai/hindi/hindi_ai_001.mp3,b94f35a7954bca76cf6aeb8ae1e75a3f7e63c66c84061ea544822810c62341ca,n/a,
hindi_ai_002,hindi,ai,,pyttsx3,,hindi_002,4.344,24000,data/ai/hindi/hindi_ai_002.mp3,d6b6aeabb3e8f478b4b7399cfbd5993d8e5a58c26205b9a43fbf2242ef45668e,n/a,
hindi_ai_003,hindi,ai,,gtts,,hindi_003,4.464,24000,data/ai/hindi/hindi_ai_003.mp3,aeabefa24e71af1d45de2bfea56a9f653eb8700cf6bd6073deccd3b1856d8866,n/a,
hindi_ai_004,hindi,ai,,edge-tts,hi-IN-SwaraNeural,hindi_004,4.176,24000,data/ai/hindi/hindi_ai_004.mp3,72cdbd24b63952d7aa09697fc82f4aa33aa4032be4396f09e40946fca0a59311,n/a,
hindi_ai_005,hindi,ai,,pyttsx3,,hindi_005,4.272,24000,data/ai/hindi/hindi_ai_005.mp3,28ab7b73232233462a05e9d209223ab77d18da2a124ea5133e29d56feb730d73,n/a,
hindi_ai_006,hindi,ai,,gtts,,hindi_006,3.912,24000,data/ai/hindi/hindi_ai_006.mp3,b4b6cff4d9ba4a370f088593ab111aefd335d935012760e3d14172d1a71e6e93,n/a,
hindi_ai_007,hindi,ai,,edge-tts,hi-IN-SwaraNeural,hindi_007,4.152,24000,data/ai/hindi/hindi_ai_007.mp3,462c5a8dd257ff13445f466aabbd29758a78eaf0685b1dbe5e296749f725ec7a,n/a,
hindi_ai_008,hindi,ai,,pyttsx3,,hindi_008,4.056,24000,data/ai/hindi/hindi_ai_008.mp3,e21a5c7e240dd6ca5872829935b5083572a895b29349d776bcd020db18de199b,n/a,
hindi_ai_009,hindi,ai,,gtts,,hindi_009,4.536,24000,data/ai/hindi/hindi_ai_009.mp3,d3744a5ff8b3228e3e3df1904ac14f6cd064551ca78f2832ef0e67972a693a1a,n/a,
malayalam_ai_000,malayalam,ai,,gtts,,malayalam_000,3.672,24000,data/ai/malayalam/malayalam_ai_000.mp3,5a11a55dcf4da7710e375bad398deff489f8b6e43f246415ea2d40c3deaf5ef0,n/a,
malayalam_ai_001,malayalam,ai,,edge-tts,ml-IN-MidhunNeural,malayalam_001,3.456,24000,data/ai/malayalam/malayalam_ai_001.mp3,233fee074399d5fd0d904e59d8104517d136d8bf62dd754e3f5b4aaf4728bef9,n/a,
malayalam_ai_002,malayalam,ai,,pyttsx3,,malayalam_002,3.864,24000,data/ai/malayalam/malayalam_ai_002.mp3,d3ab7303a64d1dc79e390aebef6d0a10aa09927bfc8809c7bfbedb0ca7ff8b51,n/a,
malayalam_ai_003,malayalam,ai,,gtts,,malayalam_003,3.384,24000,data/ai/malayalam/malayalam_ai_003.mp3,96fbc86e75a2d80e00946bb65b25950217bbe9653d82eb4f6c2be58ec67e3f83,n/a,
malayalam_ai_004,malayalam,ai,,edge-tts,ml-IN-MidhunNeural,malayalam_004,3.336,24000,data/ai/malayalam/malayalam_ai_004.mp3,c1e3abfb526f8fe646785d37c409cfae6722d667c99b8843ac2f23ab00b691e0,n/a,
malayalam_ai_005,malayalam,ai,,pyttsx3,,malayalam_005,3.240,24000,data/ai/malayalam/malayalam_ai_005.mp3,cdf9c4167ea7ed46a81b4894ea522b1db5c304849e4211f635e1944addd9151e,n/a,
malayalam_ai_006,malayalam,ai,,gtts,,malayalam_006,3.144,24000,data/ai/malayalam/malayalam_ai_006.mp3,1033f6ea1c793cabb72e85b3c5be23ac53fc541a0fcca242fe5e4eb8fa26517d,n/a,
malayalam_ai_007,malayalam,ai,,edge-tts,ml-IN-MidhunNeural,malayalam_007,3.864,24000,data/ai/malayalam/malayalam_ai_007.mp3,a43af3cfab1535ef38d7dca218551103e370ceff2d9e943ee40aa00a2a4405b8,n/a,
malayalam_ai_008,malayalam,ai,,pyttsx3,,malayalam_008,3.528,24000,data/ai/malayalam/malayalam_ai_008.mp3,05a7fea7505900fe4fff834e9f0e455f73cefe821cafd66b29041656da407808,n/a,
malayalam_ai_009,malayalam,ai,,gtts,,malayalam_009,3.648,24000,data/ai/malayalam/malayalam_ai_009.mp3,d5649f047928f6ae8f6dce6baf5e7c25ac4923246fb2bfc447eb4e92df457313,n/a,
telugu_ai_000,telugu,ai,,gtts,,telugu_000,4.680,24000,data/ai/telugu/telugu_ai_000.mp3,2a7dae2ab5f37b26077e34b7575dd66be9ce285ce0bb10cb8106ff2fa75a7e0a,n/a,
telugu_ai_001,telugu,ai,,edge-tts,te-IN-ShrutiNeural,telugu_001,3.312,24000,data/ai/telugu/telugu_ai_001.mp3,e3b781849c17a537435d2f4f0e8cbc4d3de815db43dc93f0f999764fc4e05bdf,n/a,
telugu_ai_002,telugu,ai,,pyttsx3,,telugu_002,3.792,24000,data/ai/telugu/telugu_ai_002.mp3,bf8b68613cf3dca786ebef9cd05f3158ff8c962b2ea87631ca896c5b6d3b5eb9,n/a,
telugu_ai_003,telugu,ai,,gtts,,telugu_003,4.344,24000,data/ai/telugu/telugu_ai_003.mp3,7d19da274ff674dce7b127868aea61ffbc929e607d6e24bf61de275d84a22b18,n/a,
telugu_ai_004,telugu,ai,,edge-tts,te-IN-ShrutiNeural,telugu_004,3.576,24000,data/ai/telugu/telugu_ai_004.mp3,01f450f8009c7f8ab9576072e5c526def2fc4cb86b590ade5c9644d9f027cab3,n/a,
telugu_ai_005,telugu,ai,,pyttsx3,,telugu_005,4.056,24000,data/ai/telugu/telugu_ai_005.mp3,3acea2991ed85c886d89f0a719a311e0fd8877381c490e6216c1684e2ac04faa,n/a,
telugu_ai_006,telugu,ai,,gtts,,telugu_006,4.872,24000,data/ai/telugu/telugu_ai_006.mp3,40ab2a5653086a1f190e4dd7f0cadd5590c67481bfd89ed73598f519ac3f3649,n/a,
telugu_ai_007,telugu,ai,,edge-tts,te-IN-ShrutiNeural,telugu_007,3.024,24000,data/ai/telugu/telugu_ai_007.mp3,1afbcecd64707a7212785845f62255da1bf9921da8a71b6b0fbc870924a7b82c,n/a,
telugu_ai_008,telugu,ai,,pyttsx3,,telugu_008,3.792,24000,data/ai/telugu/telugu_ai_008.mp3,48f1ca1fa90d25b52abc4f6d6c19dd99c38c0f92ef8bac251a321e63a8ebdbfc,n/a,
telugu_ai_009,telugu,ai,,gtts,,telugu_009,4.728,24000,data/ai/telugu/telugu_ai_009.mp3,5417687dfa24673bfbb9ec3814ab0cc4616f493aa8b1552649cd40ba28f98150,n/a,
tamil_ai_000,tamil,ai,,gtts,,tamil_000,20.736,24000,data/ai/tamil/tamil_ai_000.mp3,655f28ee084eb1bc9fdd8c80fcd2ece6129101e47382a4893cff64d89e283a1b,n/a,
tamil_ai_001,tamil,ai,,edge-tts,ta-IN-PallaviNeural,tamil_001,19.896,24000,data/ai/tamil/tamil_ai_001.mp3,41f1ec7253c4882773010143fc6274fa35aea9e61099a95cf2bb1537ca172fde,n/a,
tamil_ai_002,tamil,ai,,pyttsx3,,tamil_002,21.336,24000,data/ai/tamil/tamil_ai_002.mp3,8010bd6217e918e08aaca53f170cc2692387fa9212cae80560f5d53e721c0279,n/a,
tamil_ai_003,tamil,ai,,gtts,,tamil_003,21.360,24000,data/ai/tamil/tamil_ai_003.mp3,4e89220c21c75356b3652f060830209671a6d8fbec5d4a0c481269f7503b6675,n/a,
tamil_ai_004,tamil,ai,,edge-tts,ta-IN-PallaviNeural,tamil_004,20.376,24000,data/ai/tamil/tamil_ai_004.mp3,fde868e60f0ebb02d847bfee4c811942220111bbbd2f4a7613d00e1c42e17d39,n/a,
tamil_ai_005,tamil,ai,,pyttsx3,,tamil_005,22.776,24000,data/ai/tamil/tamil_ai_005.mp3,aabdecb03dc3a93984f8e08f65e09d6b9e347e3e2cbc31a8ff31494ff6e49137,n/a,
tamil_ai_006,tamil,ai,,gtts,,tamil_006,22.464,24000,data/ai/tamil/tamil_ai_006.mp3,ee7ce526ee65526b0ebbfa0911dd6efcd5ead66a60e838aae6c45e3c903a86fb,n/a,
tamil_ai_007,tamil,ai,,edge-tts,ta-IN-PallaviNeural,tamil_007,20.472,24000,data/ai/tamil/tamil_ai_007.mp3,65b777336eeef5c770d38546f92141b82dddcf257647d74cdfee9ea916169e2a,n/a,
tamil_ai_008,tamil,ai,,pyttsx3,,tamil_008,21.840,24000,data/ai/tamil/tamil_ai_008.mp3,1feb586984df6377f4242cfa04358ac16169b54be272f46333e7a5f30cad1c66,n/a,
tamil_ai_009,tamil,ai,,gtts,,tamil_009,21.960,24000,data/ai/tamil/tamil_ai_009.mp3,8e4645de68d1399edf52b39d125df30e92db1f21c4b7dd61e2d4aa9e2d713177,n/a,
english_ai_000,english,ai,,gtts,,english_000,13.560,24000,data/ai/english/english_ai_000.mp3,40b34e27accb321dd4b9e49dbaf37d80e88df58059034c445501e0311bea19b8,n/a,
english_ai_001,english,ai,,edge-tts,en-US-AriaNeural,english_001,10.032,24000,data/ai/english/english_ai_001.mp3,4d78a7d743277188b2075064104adedb58b422618929f7fed91349f7343490c3,n/a,
english_ai_002,english,ai,,pyttsx3,,english_002,9.912,24000,data/ai/english/english_ai_002.mp3,912beefeac08ea3178e13efd2352f73e350b2b12ed2b8b1f3c3ffc0330e49dfa,n/a,
english_ai_003,english,ai,,gtts,,english_003,9.768,24000,data/ai/english/english_ai_003.mp3,20f5bb76386d26a4ff0736562a3521206c5b7800773542652f1933e79339fc8e,n/a,
english_ai_004,english,ai,,edge-tts,en-US-AriaNeural,english_004,11.136,24000,data/ai/english/english_ai_004.mp3,c5cfe3487d2439103081eab929347bd320883909c5329015a60be59f9148f81f,n/a,
english_ai_005,english,ai,,pyttsx3,,english_005,11.040,24000,data/ai/english/english_ai_005.mp3,d76250f2850706a478d00b27418b68d44106d2c68a076c301d114940997d977c,n/a,
english_ai_006,english,ai,,gtts,,english_006,10.920,24000,data/ai/english/english_ai_006.mp3,b06b928ef2d1e871ff4580fa2bee52897b0d66aaf9c2634f9e3cd3949b2ffb5a,n/a,
english_ai_007,english,ai,,edge-tts,en-US-AriaNeural,english_007,13.632,24000,data/ai/english/english_ai_007.mp3,02377912a68ed8f0ed530ac66eaa832cf576ac3d03adecc26de3a76805f42d15,n/a,
english_ai_008,english,ai,,pyttsx3,,english_008,13.944,24000,data/ai/english/english_ai_008.mp3,536f816ad270befebe60e4171bc8066c99a6214266041fabaed25e758053fb35,n/a,
english_ai_009,english,ai,,gtts,,english_009,13.488,24000,data/ai/english/english_ai_009.mp3,95ae110ab9806f544730710f75524bcc530aeeba470d1cafa831515304b9cc50,n/a,
hindi_ai_000,hindi,ai,,gtts,,hindi_000,12.648,24000,data/ai/hindi/hindi_ai_000.mp3,7afae5c860495c2f75062aa0860cf3a180dc7fc1ec0163ff11718512a50f856a,n/a,
hindi_ai_001,hindi,ai,,edge-tts,hi-IN-SwaraNeural,hindi_001,14.376,24000,data/ai/hindi/hindi_ai_001.mp3,86ed7f80ac59512289b59b5188918ba003f4d725f41b73c7bd9927ecb377c21c,n/a,
hindi_ai_002,hindi,ai,,pyttsx3,,hindi_002,13.032,24000,data/ai/hindi/hindi_ai_002.mp3,35c8debf1016a9084e6e387e1a5ad2877578a682cff5ce35ea57fd9173236193,n/a,
hindi_ai_003,hindi,ai,,gtts,,hindi_003,12.984,24000,data/ai/hindi/hindi_ai_003.mp3,f14f998edc079dccea982a6b08619404abf2a5a816602be5f8d4ddbaafd612b7,n/a,
hindi_ai_004,hindi,ai,,edge-tts,hi-IN-SwaraNeural,hindi_004,12.936,24000,data/ai/hindi/hindi_ai_004.mp3,3317cab16479768ba624904b8ff2fe1306497dc008e2326274181693831b735d,n/a,
hindi_ai_005,hindi,ai,,pyttsx3,,hindi_005,11.832,24000,data/ai/hindi/hindi_ai_005.mp3,956be69e8d75bfb3bc817647ab70793d102839dfadb33214b37a5bc32b5eeee7,n/a,
hindi_ai_006,hindi,ai,,gtts,,hindi_006,12.096,24000,data/ai/hindi/hindi_ai_006.mp3,ed0b61f151d5aadb4e323d2c040f174f117411744dbfb3f53d47d9674c537627,n/a,
hindi_ai_007,hindi,ai,,edge-tts,hi-IN-SwaraNeural,hindi_007,13.200,24000,data/ai/hindi/hindi_ai_007.mp3,f516ab3bc1df9ddfa6bf22cb5d85d8f36c75c34793ff4ca09891e9ea6f9e4145,n/a,
hindi_ai_008,hindi,ai,,pyttsx3,,hindi_008,16.344,24000,data/ai/hindi/hindi_ai_008.mp3,6d52d7854612818374e7bf49095c7ca1c31493433f32cc83cc86374855114b99,n/a,
hindi_ai_009,hindi,ai,,gtts,,hindi_009,15.144,24000,data/ai/hindi/hindi_ai_009.mp3,d3564be06ced77993ac3c80621d426249855e691523613ccc63ef1d822b9a686,n/a,
malayalam_ai_000,malayalam,ai,,gtts,,malayalam_000,17.448,24000,data/ai/malayalam/malayalam_ai_000.mp3,b9e9f26bd0a9bd1e053492e163bed7d391c2ea4685f9d6a8fbb1ffa30e1b29ce,n/a,
malayalam_ai_001,malayalam,ai,,edge-tts,ml-IN-MidhunNeural,malayalam_001,16.848,24000,data/ai/malayalam/malayalam_ai_001.mp3,0e4c2d8a33e9e12d739efe63483ea03e8af29adb4be2ce8e837c44307d556492,n/a,
malayalam_ai_002,malayalam,ai,,pyttsx3,,malayalam_002,16.752,24000,data/ai/malayalam/malayalam_ai_002.mp3,bc1a92bc3e1a082e6205f73a12b83bd92227abe6e7c7597ec5a32efe68637540,n/a,
malayalam_ai_003,malayalam,ai,,gtts,,malayalam_003,16.848,24000,data/ai/malayalam/malayalam_ai_003.mp3,ba0c2ec70a6ab6534f1311e3c52f7227950f235c1b57d97b5dbeb0f0c75ac543,n/a,
malayalam_ai_004,malayalam,ai,,edge-tts,ml-IN-MidhunNeural,malayalam_004,16.680,24000,data/ai/malayalam/malayalam_ai_004.mp3,64aa8798749ff7462cb5fd38aeccfa4a75b71fb768e06b467d13917988f331b2,n/a,
malayalam_ai_005,malayalam,ai,,pyttsx3,,malayalam_005,17.184,24000,data/ai/malayalam/malayalam_ai_005.mp3,987007d94cb23b9ef1e11d6b56038785cc7d5c9b461b6de26b8202f849d3746e,n/a,
malayalam_ai_006,malayalam,ai,,gtts,,malayalam_006,18.024,24000,data/ai/malayalam/malayalam_ai_006.mp3,b467a586fcb1328c8afff7ca88711d4635eecd4b021d474bcd66676ec75e794d,n/a,
malayalam_ai_007,malayalam,ai,,edge-tts,ml-IN-MidhunNeural,malayalam_007,17.856,24000,data/ai/malayalam/malayalam_ai_007.mp3,cec122f7c0f302dada34235fd5142745a00ec8836adddcd276389bf1d3113602,n/a,
malayalam_ai_008,malayalam,ai,,pyttsx3,,malayalam_008,17.784,24000,data/ai/malayalam/malayalam_ai_008.mp3,9652c6ddae9a2432a4b1f1c9297095b9f32cbe2fc7e8585217174c8ceec138ff,n/a,
malayalam_ai_009,malayalam,ai,,gtts,,malayalam_009,17.760,24000,data/ai/malayalam/malayalam_ai_009.mp3,0bc124d5e5b6aa53b92690ed92a6327aa9a6a72a3bdde47b6a1be8a25c9ed1f8,n/a,
telugu_ai_000,telugu,ai,,gtts,,telugu_000,21.192,24000,data/ai/telugu/telugu_ai_000.mp3,fb1f15866086053491fac1a755dafbd18aeab38c8f22646c3bd5535cd7f5fa32,n/a,
telugu_ai_001,telugu,ai,,edge-tts,te-IN-ShrutiNeural,telugu_001,19.104,24000,data/ai/telugu/telugu_ai_001.mp3,55ff9bb486ae422c50277d90258f79528f23edaf243a11c3d6f66407dddd84e0,n/a,
telugu_ai_002,telugu,ai,,pyttsx3,,telugu_002,21.216,24000,data/ai/telugu/telugu_ai_002.mp3,59c893864a76d8fbc9af248d49389555251c8b5c82e10aec848593007fe32d2d,n/a,
telugu_ai_003,telugu,ai,,gtts,,telugu_003,17.496,24000,data/ai/telugu/telugu_ai_003.mp3,9cdcd3fbd5d4a8752c594d21aa5dac71d2b3ef0b96e5aa3424ee747e3ce4164b,n/a,
telugu_ai_004,telugu,ai,,edge-tts,te-IN-ShrutiNeural,telugu_004,19.512,24000,data/ai/telugu/telugu_ai_004.mp3,18e671c182518fdfcd4515e49d36066f1dea87ec4d734b59a50f8c28889cd43f,n/a,
telugu_ai_005,telugu,ai,,pyttsx3,,telugu_005,16.464,24000,data/ai/telugu/telugu_ai_005.mp3,e1236d660ffc3f64b22a48f78c6d7fe29cfd023c3958014f458ca28e9e8645e1,n/a,
telugu_ai_006,telugu,ai,,gtts,,telugu_006,17.160,24000,data/ai/telugu/telugu_ai_006.mp3,015cd0807e4adac0ef54d2fc2403a9abfd5460cc2fa6595db91d0dbdcf808fbf,n/a,
telugu_ai_007,telugu,ai,,edge-tts,te-IN-ShrutiNeural,telugu_007,15.504,24000,data/ai/telugu/telugu_ai_007.mp3,18c5d0bbb677083b70e92ea494b515950584a929991e6d4436ad5d15124f48a0,n/a,
telugu_ai_008,telugu,ai,,pyttsx3,,telugu_008,17.688,24000,data/ai/telugu/telugu_ai_008.mp3,762715d4b91526065d19e1d6cffe78de5bdf2d1f6ea75027e52d01b62808385a,n/a,
telugu_ai_009,telugu,ai,,gtts,,telugu_009,17.784,24000,data/ai/telugu/telugu_ai_009.mp3,b883a55058eafde4e6808959262b3df85684b4a337cfb0643105dae3073e2ffd,n/a,
tamil_proto_000,tamil,human,proto,,,,0.0,0,data/human/tamil/tamil_proto_000.mp3,,synthetic_prototype,duplicated from AI for pipeline demo
tamil_proto_001,tamil,human,proto,,,,0.0,0,data/human/tamil/tamil_proto_001.mp3,,synthetic_prototype,duplicated from AI for pipeline demo
tamil_proto_002,tamil,human,proto,,,,0.0,0,data/human/tamil/tamil_proto_002.mp3,,synthetic_prototype,duplicated from AI for pipeline demo
tamil_proto_003,tamil,human,proto,,,,0.0,0,data/human/tamil/tamil_proto_003.mp3,,synthetic_prototype,duplicated from AI for pipeline demo
tamil_proto_004,tamil,human,proto,,,,0.0,0,data/human/tamil/tamil_proto_004.mp3,,synthetic_prototype,duplicated from AI for pipeline demo
tamil_proto_005,tamil,human,proto,,,,0.0,0,data/human/tamil/tamil_proto_005.mp3,,synthetic_prototype,duplicated from AI for pipeline demo
tamil_proto_006,tamil,human,proto,,,,0.0,0,data/human/tamil/tamil_proto_006.mp3,,synthetic_prototype,duplicated from AI for pipeline demo
tamil_proto_007,tamil,human,proto,,,,0.0,0,data/human/tamil/tamil_proto_007.mp3,,synthetic_prototype,duplicated from AI for pipeline demo
tamil_proto_008,tamil,human,proto,,,,0.0,0,data/human/tamil/tamil_proto_008.mp3,,synthetic_prototype,duplicated from AI for pipeline demo
tamil_proto_009,tamil,human,proto,,,,0.0,0,data/human/tamil/tamil_proto_009.mp3,,synthetic_prototype,duplicated from AI for pipeline demo
english_proto_000,english,human,proto,,,,0.0,0,data/human/english/english_proto_000.mp3,,synthetic_prototype,duplicated from AI for pipeline demo
english_proto_001,english,human,proto,,,,0.0,0,data/human/english/english_proto_001.mp3,,synthetic_prototype,duplicated from AI for pipeline demo
english_proto_002,english,human,proto,,,,0.0,0,data/human/english/english_proto_002.mp3,,synthetic_prototype,duplicated from AI for pipeline demo
english_proto_003,english,human,proto,,,,0.0,0,data/human/english/english_proto_003.mp3,,synthetic_prototype,duplicated from AI for pipeline demo
english_proto_004,english,human,proto,,,,0.0,0,data/human/english/english_proto_004.mp3,,synthetic_prototype,duplicated from AI for pipeline demo
english_proto_005,english,human,proto,,,,0.0,0,data/human/english/english_proto_005.mp3,,synthetic_prototype,duplicated from AI for pipeline demo
english_proto_006,english,human,proto,,,,0.0,0,data/human/english/english_proto_006.mp3,,synthetic_prototype,duplicated from AI for pipeline demo
english_proto_007,english,human,proto,,,,0.0,0,data/human/english/english_proto_007.mp3,,synthetic_prototype,duplicated from AI for pipeline demo
english_proto_008,english,human,proto,,,,0.0,0,data/human/english/english_proto_008.mp3,,synthetic_prototype,duplicated from AI for pipeline demo
english_proto_009,english,human,proto,,,,0.0,0,data/human/english/english_proto_009.mp3,,synthetic_prototype,duplicated from AI for pipeline demo
hindi_proto_000,hindi,human,proto,,,,0.0,0,data/human/hindi/hindi_proto_000.mp3,,synthetic_prototype,duplicated from AI for pipeline demo
hindi_proto_001,hindi,human,proto,,,,0.0,0,data/human/hindi/hindi_proto_001.mp3,,synthetic_prototype,duplicated from AI for pipeline demo
hindi_proto_002,hindi,human,proto,,,,0.0,0,data/human/hindi/hindi_proto_002.mp3,,synthetic_prototype,duplicated from AI for pipeline demo
hindi_proto_003,hindi,human,proto,,,,0.0,0,data/human/hindi/hindi_proto_003.mp3,,synthetic_prototype,duplicated from AI for pipeline demo
hindi_proto_004,hindi,human,proto,,,,0.0,0,data/human/hindi/hindi_proto_004.mp3,,synthetic_prototype,duplicated from AI for pipeline demo
hindi_proto_005,hindi,human,proto,,,,0.0,0,data/human/hindi/hindi_proto_005.mp3,,synthetic_prototype,duplicated from AI for pipeline demo
hindi_proto_006,hindi,human,proto,,,,0.0,0,data/human/hindi/hindi_proto_006.mp3,,synthetic_prototype,duplicated from AI for pipeline demo
hindi_proto_007,hindi,human,proto,,,,0.0,0,data/human/hindi/hindi_proto_007.mp3,,synthetic_prototype,duplicated from AI for pipeline demo
hindi_proto_008,hindi,human,proto,,,,0.0,0,data/human/hindi/hindi_proto_008.mp3,,synthetic_prototype,duplicated from AI for pipeline demo
hindi_proto_009,hindi,human,proto,,,,0.0,0,data/human/hindi/hindi_proto_009.mp3,,synthetic_prototype,duplicated from AI for pipeline demo
malayalam_proto_000,malayalam,human,proto,,,,0.0,0,data/human/malayalam/malayalam_proto_000.mp3,,synthetic_prototype,duplicated from AI for pipeline demo
malayalam_proto_001,malayalam,human,proto,,,,0.0,0,data/human/malayalam/malayalam_proto_001.mp3,,synthetic_prototype,duplicated from AI for pipeline demo
malayalam_proto_002,malayalam,human,proto,,,,0.0,0,data/human/malayalam/malayalam_proto_002.mp3,,synthetic_prototype,duplicated from AI for pipeline demo
malayalam_proto_003,malayalam,human,proto,,,,0.0,0,data/human/malayalam/malayalam_proto_003.mp3,,synthetic_prototype,duplicated from AI for pipeline demo
malayalam_proto_004,malayalam,human,proto,,,,0.0,0,data/human/malayalam/malayalam_proto_004.mp3,,synthetic_prototype,duplicated from AI for pipeline demo
malayalam_proto_005,malayalam,human,proto,,,,0.0,0,data/human/malayalam/malayalam_proto_005.mp3,,synthetic_prototype,duplicated from AI for pipeline demo
malayalam_proto_006,malayalam,human,proto,,,,0.0,0,data/human/malayalam/malayalam_proto_006.mp3,,synthetic_prototype,duplicated from AI for pipeline demo
malayalam_proto_007,malayalam,human,proto,,,,0.0,0,data/human/malayalam/malayalam_proto_007.mp3,,synthetic_prototype,duplicated from AI for pipeline demo
malayalam_proto_008,malayalam,human,proto,,,,0.0,0,data/human/malayalam/malayalam_proto_008.mp3,,synthetic_prototype,duplicated from AI for pipeline demo
malayalam_proto_009,malayalam,human,proto,,,,0.0,0,data/human/malayalam/malayalam_proto_009.mp3,,synthetic_prototype,duplicated from AI for pipeline demo
telugu_proto_000,telugu,human,proto,,,,0.0,0,data/human/telugu/telugu_proto_000.mp3,,synthetic_prototype,duplicated from AI for pipeline demo
telugu_proto_001,telugu,human,proto,,,,0.0,0,data/human/telugu/telugu_proto_001.mp3,,synthetic_prototype,duplicated from AI for pipeline demo
telugu_proto_002,telugu,human,proto,,,,0.0,0,data/human/telugu/telugu_proto_002.mp3,,synthetic_prototype,duplicated from AI for pipeline demo
telugu_proto_003,telugu,human,proto,,,,0.0,0,data/human/telugu/telugu_proto_003.mp3,,synthetic_prototype,duplicated from AI for pipeline demo
telugu_proto_004,telugu,human,proto,,,,0.0,0,data/human/telugu/telugu_proto_004.mp3,,synthetic_prototype,duplicated from AI for pipeline demo
telugu_proto_005,telugu,human,proto,,,,0.0,0,data/human/telugu/telugu_proto_005.mp3,,synthetic_prototype,duplicated from AI for pipeline demo
telugu_proto_006,telugu,human,proto,,,,0.0,0,data/human/telugu/telugu_proto_006.mp3,,synthetic_prototype,duplicated from AI for pipeline demo
telugu_proto_007,telugu,human,proto,,,,0.0,0,data/human/telugu/telugu_proto_007.mp3,,synthetic_prototype,duplicated from AI for pipeline demo
telugu_proto_008,telugu,human,proto,,,,0.0,0,data/human/telugu/telugu_proto_008.mp3,,synthetic_prototype,duplicated from AI for pipeline demo
telugu_proto_009,telugu,human,proto,,,,0.0,0,data/human/telugu/telugu_proto_009.mp3,,synthetic_prototype,duplicated from AI for pipeline demo
english_ps_00001,english,human,peoples_speech,,,07282016HFUUforum_SLASH_07-28-2016_HFUUforum_DOT_mp3_00000.flac,15.012,16000,data/human/english/english_ps_00001.mp3,0bdad3c9e6c5b212a755f5fec0ead92e5f0b95a8360b8e5a42c56fe32e1197bc,open_dataset,MLCommons/peoples_speech:microset/train
english_ps_00002,english,human,peoples_speech,,,07282016HFUUforum_SLASH_07-28-2016_HFUUforum_DOT_mp3_00001.flac,14.616,16000,data/human/english/english_ps_00002.mp3,b1579eda3c7c01edbcfa4ff7c9781fb6a475d676da65a6949085d217e2ec6412,open_dataset,MLCommons/peoples_speech:microset/train
english_ps_00003,english,human,peoples_speech,,,07282016HFUUforum_SLASH_07-28-2016_HFUUforum_DOT_mp3_00002.flac,14.868,16000,data/human/english/english_ps_00003.mp3,7b8a20392ff9ac6c2d353f1e3952ecbb78dfc893efc73888e027f72655a59f3d,open_dataset,MLCommons/peoples_speech:microset/train
english_ps_00004,english,human,peoples_speech,,,07282016HFUUforum_SLASH_07-28-2016_HFUUforum_DOT_mp3_00003.flac,14.904,16000,data/human/english/english_ps_00004.mp3,35e602b718494e4d9bdd1894d38a65d3e7f053d73d149cb3f40a1b88939f197c,open_dataset,MLCommons/peoples_speech:microset/train
english_ps_00005,english,human,peoples_speech,,,07282016HFUUforum_SLASH_07-28-2016_HFUUforum_DOT_mp3_00004.flac,15.012,16000,data/human/english/english_ps_00005.mp3,9cb7424440551948442d78e11a3e19828b092c1d638869a3ba2dda21fef514a3,open_dataset,MLCommons/peoples_speech:microset/train
english_ps_00006,english,human,peoples_speech,,,07282016HFUUforum_SLASH_07-28-2016_HFUUforum_DOT_mp3_00005.flac,14.436,16000,data/human/english/english_ps_00006.mp3,192df69cc9b4181c8a78ed2b151a48be827f40eff40bca29a42ef18c96fe7a80,open_dataset,MLCommons/peoples_speech:microset/train
english_ps_00007,english,human,peoples_speech,,,07282016HFUUforum_SLASH_07-28-2016_HFUUforum_DOT_mp3_00006.flac,15.012,16000,data/human/english/english_ps_00007.mp3,a713878a0ae5bc200c39c47bb87c7f7eaade05ee3a73a0664a9986f84be2004f,open_dataset,MLCommons/peoples_speech:microset/train
english_ps_00008,english,human,peoples_speech,,,07282016HFUUforum_SLASH_07-28-2016_HFUUforum_DOT_mp3_00007.flac,14.724,16000,data/human/english/english_ps_00008.mp3,5702b93dd350f437067d34aa41507d6975ba9e8ea87a4a0a393b53f2d71d66c5,open_dataset,MLCommons/peoples_speech:microset/train
english_ps_00009,english,human,peoples_speech,,,07282016HFUUforum_SLASH_07-28-2016_HFUUforum_DOT_mp3_00008.flac,15.048,16000,data/human/english/english_ps_00009.mp3,1f16168fd311912cd7cd6d19623ec846729148cd017281a8107a4429be0ca11d,open_dataset,MLCommons/peoples_speech:microset/train
english_ps_00010,english,human,peoples_speech,,,07282016HFUUforum_SLASH_07-28-2016_HFUUforum_DOT_mp3_00009.flac,14.904,16000,data/human/english/english_ps_00010.mp3,a5fa1d0ea06b2710d8753cbf1063ac84b4362cf020dfcb6eee71e76bd7577b49,open_dataset,MLCommons/peoples_speech:microset/train
english_ps_00011,english,human,peoples_speech,,,07282016HFUUforum_SLASH_07-28-2016_HFUUforum_DOT_mp3_00010.flac,15.084,16000,data/human/english/english_ps_00011.mp3,89047c0f59bdff2f954a93a3bc1f127af08fbb43a778d3f6cd358570f0499379,open_dataset,MLCommons/peoples_speech:microset/train
english_ps_00012,english,human,peoples_speech,,,07282016HFUUforum_SLASH_07-28-2016_HFUUforum_DOT_mp3_00011.flac,14.868,16000,data/human/english/english_ps_00012.mp3,24bea45f23da6ea111a152e0780962f184d4cd48d8c9602ddefc1c006a599f3b,open_dataset,MLCommons/peoples_speech:microset/train
english_ps_00013,english,human,peoples_speech,,,07282016HFUUforum_SLASH_07-28-2016_HFUUforum_DOT_mp3_00012.flac,14.904,16000,data/human/english/english_ps_00013.mp3,f94bf687badea3c93739826a84cbbcf675156598683afd3b8bef0d85a9993717,open_dataset,MLCommons/peoples_speech:microset/train
english_ps_00014,english,human,peoples_speech,,,07282016HFUUforum_SLASH_07-28-2016_HFUUforum_DOT_mp3_00013.flac,14.904,16000,data/human/english/english_ps_00014.mp3,d5b5d85afc8f0f36ae977e464c03abc398953a68d6b6d70b378f9a6e2767c274,open_dataset,MLCommons/peoples_speech:microset/train
english_ps_00015,english,human,peoples_speech,,,07282016HFUUforum_SLASH_07-28-2016_HFUUforum_DOT_mp3_00014.flac,14.832,16000,data/human/english/english_ps_00015.mp3,dc29d5d21f2800323c59116d7177fc3a2ac96e4287ea6d4b5c9546ca870a0dd6,open_dataset,MLCommons/peoples_speech:microset/train
english_ps_00016,english,human,peoples_speech,,,07282016HFUUforum_SLASH_07-28-2016_HFUUforum_DOT_mp3_00015.flac,14.580,16000,data/human/english/english_ps_00016.mp3,413cc03392ecfa73102d69792883bad7a94ef92fc2a3273d564d1211f6d63db0,open_dataset,MLCommons/peoples_speech:microset/train
english_ps_00017,english,human,peoples_speech,,,07282016HFUUforum_SLASH_07-28-2016_HFUUforum_DOT_mp3_00016.flac,14.868,16000,data/human/english/english_ps_00017.mp3,e32eebcc333bf1fa0c761d9ebf50e01b52cb0cad44187a5b0093648f52608c6f,open_dataset,MLCommons/peoples_speech:microset/train
english_ps_00018,english,human,peoples_speech,,,07282016HFUUforum_SLASH_07-28-2016_HFUUforum_DOT_mp3_00017.flac,14.940,16000,data/human/english/english_ps_00018.mp3,0487332ff259f9da8a4eff75b73eff2f34ead08945bb5adf193f0f484e511165,open_dataset,MLCommons/peoples_speech:microset/train
english_ps_00019,english,human,peoples_speech,,,07282016HFUUforum_SLASH_07-28-2016_HFUUforum_DOT_mp3_00018.flac,15.048,16000,data/human/english/english_ps_00019.mp3,f7feb1f93b2cf12d726a999208816e57cfb0e93a7425c25c9dde0c1f85b80929,open_dataset,MLCommons/peoples_speech:microset/train
english_ps_00020,english,human,peoples_speech,,,07282016HFUUforum_SLASH_07-28-2016_HFUUforum_DOT_mp3_00019.flac,15.012,16000,data/human/english/english_ps_00020.mp3,80f548045d866aac1045802203f98154b4131d2d57ee25a14fdd641a5b05d9d7,open_dataset,MLCommons/peoples_speech:microset/train
english_ps_00021,english,human,peoples_speech,,,07282016HFUUforum_SLASH_07-28-2016_HFUUforum_DOT_mp3_00020.flac,15.012,16000,data/human/english/english_ps_00021.mp3,0638d90db33f78f58e1dcaafc617769e1fe045049a94865baaf70109e2b8a00a,open_dataset,MLCommons/peoples_speech:microset/train
english_ps_00022,english,human,peoples_speech,,,07282016HFUUforum_SLASH_07-28-2016_HFUUforum_DOT_mp3_00021.flac,14.724,16000,data/human/english/english_ps_00022.mp3,7debd9592580d249702d8f6cfcad7fae2d061e77682662dda210be94e4493f89,open_dataset,MLCommons/peoples_speech:microset/train
english_ps_00023,english,human,peoples_speech,,,07282016HFUUforum_SLASH_07-28-2016_HFUUforum_DOT_mp3_00022.flac,15.048,16000,data/human/english/english_ps_00023.mp3,0ec6ad8a5db3ca6a1026af2ff51cbfc767791e279dfb1a0c3aed682295459ad7,open_dataset,MLCommons/peoples_speech:microset/train
english_ps_00024,english,human,peoples_speech,,,07282016HFUUforum_SLASH_07-28-2016_HFUUforum_DOT_mp3_00023.flac,14.724,16000,data/human/english/english_ps_00024.mp3,0d088e26e64243d797f054d6c10d7288bda5682d3c3fa2d89afd54c2747917c3,open_dataset,MLCommons/peoples_speech:microset/train
english_ps_00025,english,human,peoples_speech,,,07282016HFUUforum_SLASH_07-28-2016_HFUUforum_DOT_mp3_00024.flac,14.580,16000,data/human/english/english_ps_00025.mp3,fcfedf09b650e28e3dc150925332f73a5890136d429c525d61797818fb5c2c2c,open_dataset,MLCommons/peoples_speech:microset/train
english_ps_00026,english,human,peoples_speech,,,07282016HFUUforum_SLASH_07-28-2016_HFUUforum_DOT_mp3_00025.flac,14.904,16000,data/human/english/english_ps_00026.mp3,70d1e77288ed8c3bcd92a73e5cd406dab3171cba61c203990c4f4759c7909ceb,open_dataset,MLCommons/peoples_speech:microset/train
english_ps_00027,english,human,peoples_speech,,,07282016HFUUforum_SLASH_07-28-2016_HFUUforum_DOT_mp3_00026.flac,14.940,16000,data/human/english/english_ps_00027.mp3,7301159ee1e9d73dda7ff294c906bb8455876afef76eead3e4bdd20b927d5c4e,open_dataset,MLCommons/peoples_speech:microset/train
english_ps_00028,english,human,peoples_speech,,,07282016HFUUforum_SLASH_07-28-2016_HFUUforum_DOT_mp3_00027.flac,15.012,16000,data/human/english/english_ps_00028.mp3,7da8e82d197abe87238973ea22b850503459c257e92f3884baaa7eb684020ae9,open_dataset,MLCommons/peoples_speech:microset/train
english_ps_00029,english,human,peoples_speech,,,07282016HFUUforum_SLASH_07-28-2016_HFUUforum_DOT_mp3_00028.flac,14.976,16000,data/human/english/english_ps_00029.mp3,46ac1a786f8d0e9fa47ca7475ee19c9e1ef0ed2cdf51903b8ac9f21c35712ba7,open_dataset,MLCommons/peoples_speech:microset/train
english_ps_00030,english,human,peoples_speech,,,07282016HFUUforum_SLASH_07-28-2016_HFUUforum_DOT_mp3_00029.flac,9.756,16000,data/human/english/english_ps_00030.mp3,17524d475fc24e50051cf24626f3d68bf4e357260726c56ccc2b780e621c2bf3,open_dataset,MLCommons/peoples_speech:microset/train
english_ps_00031,english,human,peoples_speech,,,07282016HFUUforum_SLASH_07-28-2016_HFUUforum_DOT_mp3_00030.flac,14.940,16000,data/human/english/english_ps_00031.mp3,f9983d192c8bf02e8a76fc56bf934b70f34e0844920c467f5893c3e16fb4a996,open_dataset,MLCommons/peoples_speech:microset/train
english_ps_00032,english,human,peoples_speech,,,07282016HFUUforum_SLASH_07-28-2016_HFUUforum_DOT_mp3_00031.flac,14.940,16000,data/human/english/english_ps_00032.mp3,7b6b52ebc6597da007bbeee8681f5e80950808c34bd78fd9908c6e95a367cf8b,open_dataset,MLCommons/peoples_speech:microset/train
english_ps_00033,english,human,peoples_speech,,,07282016HFUUforum_SLASH_07-28-2016_HFUUforum_DOT_mp3_00032.flac,14.472,16000,data/human/english/english_ps_00033.mp3,bc902f0a92478b56132ad35f3ffb0abc0953c6b2cd4c330770cd863ea57d85b5,open_dataset,MLCommons/peoples_speech:microset/train
english_ps_00034,english,human,peoples_speech,,,07282016HFUUforum_SLASH_07-28-2016_HFUUforum_DOT_mp3_00033.flac,15.048,16000,data/human/english/english_ps_00034.mp3,99d965b15d357205a8186171abb06ff94b7cf0155c78522ab161d3250c317e8e,open_dataset,MLCommons/peoples_speech:microset/train
english_ps_00035,english,human,peoples_speech,,,07282016HFUUforum_SLASH_07-28-2016_HFUUforum_DOT_mp3_00034.flac,14.940,16000,data/human/english/english_ps_00035.mp3,6d9642ab624c989c8bcb4f3708f401248ecf4d89567933d24dcb56133bbb590c,open_dataset,MLCommons/peoples_speech:microset/train
english_ps_00036,english,human,peoples_speech,,,07282016HFUUforum_SLASH_07-28-2016_HFUUforum_DOT_mp3_00035.flac,15.012,16000,data/human/english/english_ps_00036.mp3,202cecf8b15253fcef79774032c34b1294d4a8104f269f701a0396dedb8d422b,open_dataset,MLCommons/peoples_speech:microset/train
english_ps_00037,english,human,peoples_speech,,,07282016HFUUforum_SLASH_07-28-2016_HFUUforum_DOT_mp3_00036.flac,14.688,16000,data/human/english/english_ps_00037.mp3,36958d4893c7a3bf0d70c38f31f1b6b9dc1d587442a36ed4206985810f76362a,open_dataset,MLCommons/peoples_speech:microset/train
english_ps_00038,english,human,peoples_speech,,,07282016HFUUforum_SLASH_07-28-2016_HFUUforum_DOT_mp3_00037.flac,14.688,16000,data/human/english/english_ps_00038.mp3,d861b70309e3ed1a17066c163dffd585235d8c85c78e712366160d9de287e1ad,open_dataset,MLCommons/peoples_speech:microset/train
english_ps_00039,english,human,peoples_speech,,,07282016HFUUforum_SLASH_07-28-2016_HFUUforum_DOT_mp3_00038.flac,15.084,16000,data/human/english/english_ps_00039.mp3,aff9c3a2f949be290e49a58172680e80d4dff872aa24515c94c9cd229fffddf4,open_dataset,MLCommons/peoples_speech:microset/train
english_ps_00040,english,human,peoples_speech,,,07282016HFUUforum_SLASH_07-28-2016_HFUUforum_DOT_mp3_00039.flac,15.048,16000,data/human/english/english_ps_00040.mp3,ad9dba580205f81a88a652cefd45d98ea25dd98ec8ec56e0c6b8c79e138103be,open_dataset,MLCommons/peoples_speech:microset/train
english_ps_00041,english,human,peoples_speech,,,07282016HFUUforum_SLASH_07-28-2016_HFUUforum_DOT_mp3_00040.flac,15.012,16000,data/human/english/english_ps_00041.mp3,32cc604f95752b756948c9184f82b25a259247cfdc1849c7efc32880bee6b265,open_dataset,MLCommons/peoples_speech:microset/train
english_ps_00042,english,human,peoples_speech,,,07282016HFUUforum_SLASH_07-28-2016_HFUUforum_DOT_mp3_00041.flac,14.364,16000,data/human/english/english_ps_00042.mp3,dd46b17634f11522754216baed8cc504f52ef6b7e181ad2fcc530f4c2db8b731,open_dataset,MLCommons/peoples_speech:microset/train
english_ps_00043,english,human,peoples_speech,,,07282016HFUUforum_SLASH_07-28-2016_HFUUforum_DOT_mp3_00042.flac,14.940,16000,data/human/english/english_ps_00043.mp3,15549601e0abf9ef13c2f2634807bc526b48321f94e90477f0af2ea1b9dee707,open_dataset,MLCommons/peoples_speech:microset/train
english_ps_00044,english,human,peoples_speech,,,07282016HFUUforum_SLASH_07-28-2016_HFUUforum_DOT_mp3_00043.flac,14.688,16000,data/human/english/english_ps_00044.mp3,d58bc838f5da76db1258b1abb7b7da1a59b6ed3813d491e09164fe5c6adb98db,open_dataset,MLCommons/peoples_speech:microset/train
english_ps_00045,english,human,peoples_speech,,,07282016HFUUforum_SLASH_07-28-2016_HFUUforum_DOT_mp3_00044.flac,14.904,16000,data/human/english/english_ps_00045.mp3,fad7b2b7aa4f90ac05bc7c990deb471e5e68be6b36bf136164c2290bcf09688d,open_dataset,MLCommons/peoples_speech:microset/train
english_ps_00046,english,human,peoples_speech,,,07282016HFUUforum_SLASH_07-28-2016_HFUUforum_DOT_mp3_00045.flac,15.012,16000,data/human/english/english_ps_00046.mp3,64b61d0cd885238ec34ca500299b4895f04efe68be3193ddc62c33ecd287e931,open_dataset,MLCommons/peoples_speech:microset/train
english_ps_00047,english,human,peoples_speech,,,07282016HFUUforum_SLASH_07-28-2016_HFUUforum_DOT_mp3_00046.flac,14.580,16000,data/human/english/english_ps_00047.mp3,ff79245d301c888051904910043dbb9135c24d12c0cf6db35063ec6e403bf84a,open_dataset,MLCommons/peoples_speech:microset/train
english_ps_00048,english,human,peoples_speech,,,07282016HFUUforum_SLASH_07-28-2016_HFUUforum_DOT_mp3_00047.flac,14.976,16000,data/human/english/english_ps_00048.mp3,85b063779efb919689048abefb5f3a299ec1b2349349b8581c9bafca33454127,open_dataset,MLCommons/peoples_speech:microset/train
english_ps_00049,english,human,peoples_speech,,,07282016HFUUforum_SLASH_07-28-2016_HFUUforum_DOT_mp3_00048.flac,15.084,16000,data/human/english/english_ps_00049.mp3,a0f236559b11364a141ec1b49d95b1fb0744c42d1df8ff260ee8914aa9a84d2f,open_dataset,MLCommons/peoples_speech:microset/train
english_ps_00050,english,human,peoples_speech,,,07282016HFUUforum_SLASH_07-28-2016_HFUUforum_DOT_mp3_00049.flac,14.688,16000,data/human/english/english_ps_00050.mp3,4a6f28d04f287edc82658d27ab6efcc43e7a3d24d731e448cf08d2b6c87ddb2f,open_dataset,MLCommons/peoples_speech:microset/train
english_ps_00001,english,human,peoples_speech,,,07282016HFUUforum_SLASH_07-28-2016_HFUUforum_DOT_mp3_00000.flac,15.012,16000,data/human/english/english_ps_00001.mp3,0bdad3c9e6c5b212a755f5fec0ead92e5f0b95a8360b8e5a42c56fe32e1197bc,open_dataset,MLCommons/peoples_speech:microset/train
english_ps_00002,english,human,peoples_speech,,,07282016HFUUforum_SLASH_07-28-2016_HFUUforum_DOT_mp3_00001.flac,14.616,16000,data/human/english/english_ps_00002.mp3,b1579eda3c7c01edbcfa4ff7c9781fb6a475d676da65a6949085d217e2ec6412,open_dataset,MLCommons/peoples_speech:microset/train
english_ps_00003,english,human,peoples_speech,,,07282016HFUUforum_SLASH_07-28-2016_HFUUforum_DOT_mp3_00002.flac,14.868,16000,data/human/english/english_ps_00003.mp3,7b8a20392ff9ac6c2d353f1e3952ecbb78dfc893efc73888e027f72655a59f3d,open_dataset,MLCommons/peoples_speech:microset/train
english_ps_00004,english,human,peoples_speech,,,07282016HFUUforum_SLASH_07-28-2016_HFUUforum_DOT_mp3_00003.flac,14.904,16000,data/human/english/english_ps_00004.mp3,35e602b718494e4d9bdd1894d38a65d3e7f053d73d149cb3f40a1b88939f197c,open_dataset,MLCommons/peoples_speech:microset/train
english_ps_00005,english,human,peoples_speech,,,07282016HFUUforum_SLASH_07-28-2016_HFUUforum_DOT_mp3_00004.flac,15.012,16000,data/human/english/english_ps_00005.mp3,9cb7424440551948442d78e11a3e19828b092c1d638869a3ba2dda21fef514a3,open_dataset,MLCommons/peoples_speech:microset/train
english_ps_00006,english,human,peoples_speech,,,07282016HFUUforum_SLASH_07-28-2016_HFUUforum_DOT_mp3_00005.flac,14.436,16000,data/human/english/english_ps_00006.mp3,192df69cc9b4181c8a78ed2b151a48be827f40eff40bca29a42ef18c96fe7a80,open_dataset,MLCommons/peoples_speech:microset/train
english_ps_00007,english,human,peoples_speech,,,07282016HFUUforum_SLASH_07-28-2016_HFUUforum_DOT_mp3_00006.flac,15.012,16000,data/human/english/english_ps_00007.mp3,a713878a0ae5bc200c39c47bb87c7f7eaade05ee3a73a0664a9986f84be2004f,open_dataset,MLCommons/peoples_speech:microset/train
english_ps_00008,english,human,peoples_speech,,,07282016HFUUforum_SLASH_07-28-2016_HFUUforum_DOT_mp3_00007.flac,14.724,16000,data/human/english/english_ps_00008.mp3,5702b93dd350f437067d34aa41507d6975ba9e8ea87a4a0a393b53f2d71d66c5,open_dataset,MLCommons/peoples_speech:microset/train
english_ps_00009,english,human,peoples_speech,,,07282016HFUUforum_SLASH_07-28-2016_HFUUforum_DOT_mp3_00008.flac,15.048,16000,data/human/english/english_ps_00009.mp3,1f16168fd311912cd7cd6d19623ec846729148cd017281a8107a4429be0ca11d,open_dataset,MLCommons/peoples_speech:microset/train
english_ps_00010,english,human,peoples_speech,,,07282016HFUUforum_SLASH_07-28-2016_HFUUforum_DOT_mp3_00009.flac,14.904,16000,data/human/english/english_ps_00010.mp3,a5fa1d0ea06b2710d8753cbf1063ac84b4362cf020dfcb6eee71e76bd7577b49,open_dataset,MLCommons/peoples_speech:microset/train
english_ps_00011,english,human,peoples_speech,,,07282016HFUUforum_SLASH_07-28-2016_HFUUforum_DOT_mp3_00010.flac,15.084,16000,data/human/english/english_ps_00011.mp3,89047c0f59bdff2f954a93a3bc1f127af08fbb43a778d3f6cd358570f0499379,open_dataset,MLCommons/peoples_speech:microset/train
english_ps_00012,english,human,peoples_speech,,,07282016HFUUforum_SLASH_07-28-2016_HFUUforum_DOT_mp3_00011.flac,14.868,16000,data/human/english/english_ps_00012.mp3,24bea45f23da6ea111a152e0780962f184d4cd48d8c9602ddefc1c006a599f3b,open_dataset,MLCommons/peoples_speech:microset/train
english_ps_00013,english,human,peoples_speech,,,07282016HFUUforum_SLASH_07-28-2016_HFUUforum_DOT_mp3_00012.flac,14.904,16000,data/human/english/english_ps_00013.mp3,f94bf687badea3c93739826a84cbbcf675156598683afd3b8bef0d85a9993717,open_dataset,MLCommons/peoples_speech:microset/train
english_ps_00014,english,human,peoples_speech,,,07282016HFUUforum_SLASH_07-28-2016_HFUUforum_DOT_mp3_00013.flac,14.904,16000,data/human/english/english_ps_00014.mp3,d5b5d85afc8f0f36ae977e464c03abc398953a68d6b6d70b378f9a6e2767c274,open_dataset,MLCommons/peoples_speech:microset/train
english_ps_00015,english,human,peoples_speech,,,07282016HFUUforum_SLASH_07-28-2016_HFUUforum_DOT_mp3_00014.flac,14.832,16000,data/human/english/english_ps_00015.mp3,dc29d5d21f2800323c59116d7177fc3a2ac96e4287ea6d4b5c9546ca870a0dd6,open_dataset,MLCommons/peoples_speech:microset/train
english_ps_00016,english,human,peoples_speech,,,07282016HFUUforum_SLASH_07-28-2016_HFUUforum_DOT_mp3_00015.flac,14.580,16000,data/human/english/english_ps_00016.mp3,413cc03392ecfa73102d69792883bad7a94ef92fc2a3273d564d1211f6d63db0,open_dataset,MLCommons/peoples_speech:microset/train
english_ps_00017,english,human,peoples_speech,,,07282016HFUUforum_SLASH_07-28-2016_HFUUforum_DOT_mp3_00016.flac,14.868,16000,data/human/english/english_ps_00017.mp3,e32eebcc333bf1fa0c761d9ebf50e01b52cb0cad44187a5b0093648f52608c6f,open_dataset,MLCommons/peoples_speech:microset/train
english_ps_00018,english,human,peoples_speech,,,07282016HFUUforum_SLASH_07-28-2016_HFUUforum_DOT_mp3_00017.flac,14.940,16000,data/human/english/english_ps_00018.mp3,0487332ff259f9da8a4eff75b73eff2f34ead08945bb5adf193f0f484e511165,open_dataset,MLCommons/peoples_speech:microset/train
english_ps_00019,english,human,peoples_speech,,,07282016HFUUforum_SLASH_07-28-2016_HFUUforum_DOT_mp3_00018.flac,15.048,16000,data/human/english/english_ps_00019.mp3,f7feb1f93b2cf12d726a999208816e57cfb0e93a7425c25c9dde0c1f85b80929,open_dataset,MLCommons/peoples_speech:microset/train
english_ps_00020,english,human,peoples_speech,,,07282016HFUUforum_SLASH_07-28-2016_HFUUforum_DOT_mp3_00019.flac,15.012,16000,data/human/english/english_ps_00020.mp3,80f548045d866aac1045802203f98154b4131d2d57ee25a14fdd641a5b05d9d7,open_dataset,MLCommons/peoples_speech:microset/train
english_ps_00021,english,human,peoples_speech,,,07282016HFUUforum_SLASH_07-28-2016_HFUUforum_DOT_mp3_00020.flac,15.012,16000,data/human/english/english_ps_00021.mp3,0638d90db33f78f58e1dcaafc617769e1fe045049a94865baaf70109e2b8a00a,open_dataset,MLCommons/peoples_speech:microset/train
english_ps_00022,english,human,peoples_speech,,,07282016HFUUforum_SLASH_07-28-2016_HFUUforum_DOT_mp3_00021.flac,14.724,16000,data/human/english/english_ps_00022.mp3,7debd9592580d249702d8f6cfcad7fae2d061e77682662dda210be94e4493f89,open_dataset,MLCommons/peoples_speech:microset/train
english_ps_00023,english,human,peoples_speech,,,07282016HFUUforum_SLASH_07-28-2016_HFUUforum_DOT_mp3_00022.flac,15.048,16000,data/human/english/english_ps_00023.mp3,0ec6ad8a5db3ca6a1026af2ff51cbfc767791e279dfb1a0c3aed682295459ad7,open_dataset,MLCommons/peoples_speech:microset/train
english_ps_00024,english,human,peoples_speech,,,07282016HFUUforum_SLASH_07-28-2016_HFUUforum_DOT_mp3_00023.flac,14.724,16000,data/human/english/english_ps_00024.mp3,0d088e26e64243d797f054d6c10d7288bda5682d3c3fa2d89afd54c2747917c3,open_dataset,MLCommons/peoples_speech:microset/train
english_ps_00025,english,human,peoples_speech,,,07282016HFUUforum_SLASH_07-28-2016_HFUUforum_DOT_mp3_00024.flac,14.580,16000,data/human/english/english_ps_00025.mp3,fcfedf09b650e28e3dc150925332f73a5890136d429c525d61797818fb5c2c2c,open_dataset,MLCommons/peoples_speech:microset/train
english_ps_00026,english,human,peoples_speech,,,07282016HFUUforum_SLASH_07-28-2016_HFUUforum_DOT_mp3_00025.flac,14.904,16000,data/human/english/english_ps_00026.mp3,70d1e77288ed8c3bcd92a73e5cd406dab3171cba61c203990c4f4759c7909ceb,open_dataset,MLCommons/peoples_speech:microset/train
english_ps_00027,english,human,peoples_speech,,,07282016HFUUforum_SLASH_07-28-2016_HFUUforum_DOT_mp3_00026.flac,14.940,16000,data/human/english/english_ps_00027.mp3,7301159ee1e9d73dda7ff294c906bb8455876afef76eead3e4bdd20b927d5c4e,open_dataset,MLCommons/peoples_speech:microset/train
english_ps_00028,english,human,peoples_speech,,,07282016HFUUforum_SLASH_07-28-2016_HFUUforum_DOT_mp3_00027.flac,15.012,16000,data/human/english/english_ps_00028.mp3,7da8e82d197abe87238973ea22b850503459c257e92f3884baaa7eb684020ae9,open_dataset,MLCommons/peoples_speech:microset/train
english_ps_00029,english,human,peoples_speech,,,07282016HFUUforum_SLASH_07-28-2016_HFUUforum_DOT_mp3_00028.flac,14.976,16000,data/human/english/english_ps_00029.mp3,46ac1a786f8d0e9fa47ca7475ee19c9e1ef0ed2cdf51903b8ac9f21c35712ba7,open_dataset,MLCommons/peoples_speech:microset/train
english_ps_00030,english,human,peoples_speech,,,07282016HFUUforum_SLASH_07-28-2016_HFUUforum_DOT_mp3_00029.flac,9.756,16000,data/human/english/english_ps_00030.mp3,17524d475fc24e50051cf24626f3d68bf4e357260726c56ccc2b780e621c2bf3,open_dataset,MLCommons/peoples_speech:microset/train
english_ps_00031,english,human,peoples_speech,,,07282016HFUUforum_SLASH_07-28-2016_HFUUforum_DOT_mp3_00030.flac,14.940,16000,data/human/english/english_ps_00031.mp3,f9983d192c8bf02e8a76fc56bf934b70f34e0844920c467f5893c3e16fb4a996,open_dataset,MLCommons/peoples_speech:microset/train
english_ps_00032,english,human,peoples_speech,,,07282016HFUUforum_SLASH_07-28-2016_HFUUforum_DOT_mp3_00031.flac,14.940,16000,data/human/english/english_ps_00032.mp3,7b6b52ebc6597da007bbeee8681f5e80950808c34bd78fd9908c6e95a367cf8b,open_dataset,MLCommons/peoples_speech:microset/train
english_ps_00033,english,human,peoples_speech,,,07282016HFUUforum_SLASH_07-28-2016_HFUUforum_DOT_mp3_00032.flac,14.472,16000,data/human/english/english_ps_00033.mp3,bc902f0a92478b56132ad35f3ffb0abc0953c6b2cd4c330770cd863ea57d85b5,open_dataset,MLCommons/peoples_speech:microset/train
english_ps_00034,english,human,peoples_speech,,,07282016HFUUforum_SLASH_07-28-2016_HFUUforum_DOT_mp3_00033.flac,15.048,16000,data/human/english/english_ps_00034.mp3,99d965b15d357205a8186171abb06ff94b7cf0155c78522ab161d3250c317e8e,open_dataset,MLCommons/peoples_speech:microset/train
english_ps_00035,english,human,peoples_speech,,,07282016HFUUforum_SLASH_07-28-2016_HFUUforum_DOT_mp3_00034.flac,14.940,16000,data/human/english/english_ps_00035.mp3,6d9642ab624c989c8bcb4f3708f401248ecf4d89567933d24dcb56133bbb590c,open_dataset,MLCommons/peoples_speech:microset/train
english_ps_00036,english,human,peoples_speech,,,07282016HFUUforum_SLASH_07-28-2016_HFUUforum_DOT_mp3_00035.flac,15.012,16000,data/human/english/english_ps_00036.mp3,202cecf8b15253fcef79774032c34b1294d4a8104f269f701a0396dedb8d422b,open_dataset,MLCommons/peoples_speech:microset/train
english_ps_00037,english,human,peoples_speech,,,07282016HFUUforum_SLASH_07-28-2016_HFUUforum_DOT_mp3_00036.flac,14.688,16000,data/human/english/english_ps_00037.mp3,36958d4893c7a3bf0d70c38f31f1b6b9dc1d587442a36ed4206985810f76362a,open_dataset,MLCommons/peoples_speech:microset/train
english_ps_00038,english,human,peoples_speech,,,07282016HFUUforum_SLASH_07-28-2016_HFUUforum_DOT_mp3_00037.flac,14.688,16000,data/human/english/english_ps_00038.mp3,d861b70309e3ed1a17066c163dffd585235d8c85c78e712366160d9de287e1ad,open_dataset,MLCommons/peoples_speech:microset/train
english_ps_00039,english,human,peoples_speech,,,07282016HFUUforum_SLASH_07-28-2016_HFUUforum_DOT_mp3_00038.flac,15.084,16000,data/human/english/english_ps_00039.mp3,aff9c3a2f949be290e49a58172680e80d4dff872aa24515c94c9cd229fffddf4,open_dataset,MLCommons/peoples_speech:microset/train
english_ps_00040,english,human,peoples_speech,,,07282016HFUUforum_SLASH_07-28-2016_HFUUforum_DOT_mp3_00039.flac,15.048,16000,data/human/english/english_ps_00040.mp3,ad9dba580205f81a88a652cefd45d98ea25dd98ec8ec56e0c6b8c79e138103be,open_dataset,MLCommons/peoples_speech:microset/train
english_ps_00041,english,human,peoples_speech,,,07282016HFUUforum_SLASH_07-28-2016_HFUUforum_DOT_mp3_00040.flac,15.012,16000,data/human/english/english_ps_00041.mp3,32cc604f95752b756948c9184f82b25a259247cfdc1849c7efc32880bee6b265,open_dataset,MLCommons/peoples_speech:microset/train
english_ps_00042,english,human,peoples_speech,,,07282016HFUUforum_SLASH_07-28-2016_HFUUforum_DOT_mp3_00041.flac,14.364,16000,data/human/english/english_ps_00042.mp3,dd46b17634f11522754216baed8cc504f52ef6b7e181ad2fcc530f4c2db8b731,open_dataset,MLCommons/peoples_speech:microset/train
english_ps_00043,english,human,peoples_speech,,,07282016HFUUforum_SLASH_07-28-2016_HFUUforum_DOT_mp3_00042.flac,14.940,16000,data/human/english/english_ps_00043.mp3,15549601e0abf9ef13c2f2634807bc526b48321f94e90477f0af2ea1b9dee707,open_dataset,MLCommons/peoples_speech:microset/train
english_ps_00044,english,human,peoples_speech,,,07282016HFUUforum_SLASH_07-28-2016_HFUUforum_DOT_mp3_00043.flac,14.688,16000,data/human/english/english_ps_00044.mp3,d58bc838f5da76db1258b1abb7b7da1a59b6ed3813d491e09164fe5c6adb98db,open_dataset,MLCommons/peoples_speech:microset/train
english_ps_00045,english,human,peoples_speech,,,07282016HFUUforum_SLASH_07-28-2016_HFUUforum_DOT_mp3_00044.flac,14.904,16000,data/human/english/english_ps_00045.mp3,fad7b2b7aa4f90ac05bc7c990deb471e5e68be6b36bf136164c2290bcf09688d,open_dataset,MLCommons/peoples_speech:microset/train
english_ps_00046,english,human,peoples_speech,,,07282016HFUUforum_SLASH_07-28-2016_HFUUforum_DOT_mp3_00045.flac,15.012,16000,data/human/english/english_ps_00046.mp3,64b61d0cd885238ec34ca500299b4895f04efe68be3193ddc62c33ecd287e931,open_dataset,MLCommons/peoples_speech:microset/train
english_ps_00047,english,human,peoples_speech,,,07282016HFUUforum_SLASH_07-28-2016_HFUUforum_DOT_mp3_00046.flac,14.580,16000,data/human/english/english_ps_00047.mp3,ff79245d301c888051904910043dbb9135c24d12c0cf6db35063ec6e403bf84a,open_dataset,MLCommons/peoples_speech:microset/train
english_ps_00048,english,human,peoples_speech,,,07282016HFUUforum_SLASH_07-28-2016_HFUUforum_DOT_mp3_00047.flac,14.976,16000,data/human/english/english_ps_00048.mp3,85b063779efb919689048abefb5f3a299ec1b2349349b8581c9bafca33454127,open_dataset,MLCommons/peoples_speech:microset/train
english_ps_00049,english,human,peoples_speech,,,07282016HFUUforum_SLASH_07-28-2016_HFUUforum_DOT_mp3_00048.flac,15.084,16000,data/human/english/english_ps_00049.mp3,a0f236559b11364a141ec1b49d95b1fb0744c42d1df8ff260ee8914aa9a84d2f,open_dataset,MLCommons/peoples_speech:microset/train
english_ps_00050,english,human,peoples_speech,,,07282016HFUUforum_SLASH_07-28-2016_HFUUforum_DOT_mp3_00049.flac,14.688,16000,data/human/english/english_ps_00050.mp3,4a6f28d04f287edc82658d27ab6efcc43e7a3d24d731e448cf08d2b6c87ddb2f,open_dataset,MLCommons/peoples_speech:microset/train
